aminoAcids,count
none,660385
LEU,1037
ALA,839
PRO,833
THR,762
SER,746
ASN,597
"VAL,ILE",581
"ALA,THR",553
ASP,512
"ILE,VAL",508
"ARG,GLN",490
"ARG,HIS",476
ARG,440
"VAL,MET",424
"THR,ALA",416
GLY,393
GLU,383
"ALA,VAL",374
"VAL,ALA",354
"HIS,ARG",339
"PRO,LEU",316
VAL,316
"MET,VAL",314
"ASN,SER",313
"THR,ILE",307
HIS,306
GLN,297
"LYS,ARG",281
ILE,268
"GLN,ARG",268
"SER,ASN",260
"SER,PRO",256
TYR,255
"LEU,PRO",255
PHE,254
"THR,MET",246
"MET,THR",238
"MET,ILE",229
"PRO,SER",219
"ARG,LYS",212
"ARG,CYS",205
"GLY,SER",202
"LEU,PHE",201
"SER,GLY",187
"LYS,GLU",186
"CYS,ARG",177
"ARG,TRP",173
"GLY,ARG",169
"ARG,GLY",166
"GLU,LYS",162
"ILE,THR",161
CYS,158
"ASP,GLU",158
"GLY,GLU",156
"GLU,GLY",154
"HIS,TYR",149
LYS,148
"ASN,ASP",141
"GLN,LYS",140
"TYR,HIS",133
"GLN,HIS",129
"GLY,ASP",128
"ILE,MET",124
"ASP,ASN",124
"LEU,SER",114
"THR,PRO",114
"SER,LEU",112
"TYR,CYS",106
"CYS,TYR",94
"GLU,ASP",93
"GLY,VAL",93
"SER,ALA",92
"GLU,ALA",81
"TRP,ARG",79
"GLN,PRO",76
"ASP,GLY",73
"PRO,THR",71
"PHE,LEU",69
"SER,PHE",68
"VAL,LEU",62
"LEU,VAL",59
"THR,ASN",59
"PHE,SER",58
"ILE,LEU",55
"ALA,SER",55
"ALA,GLU",53
"ARG,SER",51
"SER,ARG",51
"SER,TYR",51
"ASN,THR",46
"LEU,MET",45
"LYS,GLN",45
"ALA,ASP",42
"VAL,PHE",41
"PRO,ALA",38
"ASN,LYS",38
"ARG,LEU",38
"THR,SER",36
"PRO,HIS",35
"LYS,ASN",34
"TRP,LEU",34
"SER,ILE",33
"PRO,ARG",33
"LEU,ILE",30
"THR,LYS",30
"HIS,GLN",27
"HIS,ASN",26
"CYS,GLY",25
"GLU,VAL",25
"GLY,TRP",23
"LEU,GLN",23
"LYS,THR",22
"ASN,HIS",22
"SER,CYS",21
"MET,LEU",21
"ASP,ALA",20
"VAL,ASP",19
"GLN,stop",19
"ARG,ILE",18
stop,17
"HIS,PRO",17
"ARG,stop",15
"ASP,VAL",15
"ASP,TYR",14
"ALA,GLY",14
"ASP,HIS",14
"GLN,LEU",13
"GLU,GLN",13
"TYR,ASP",12
"LYS,ILE",12
"LEU,ARG",11
"MET,ARG",11
"GLY,ALA",10
"PHE,CYS",10
"GLN,GLU",10
"CYS,PHE",9
"TRP,SER",8
"VAL,GLY",8
"CYS,TRP",8
"SER,TRP",8
"SER,stop",7
"PRO,GLN",7
"LEU,TRP",7
"ILE,ASN",7
"TYR,SER",7
"THR,ARG",6
"GLY,CYS",6
"ILE,ARG",5
"ILE,SER",5
"CYS,SER",5
"TYR,stop",5
"ARG,PRO",4
"TRP,stop",4
"MET,LYS",3
"LEU,HIS",3
"ARG,MET",3
"ALA,PRO",3
"PHE,VAL",3
"stop,ARG",2
"stop,GLU",2
"ASN,TYR",2
"VAL,GLU",2
"TRP,CYS",2
"ASN,ILE",1
"ILE,PHE",1
